,MAE_degC,RMSE_degC,R2
GRU,1.2213923931121826,1.590201072934508,0.9376544952392578
MLP,1.287030816078186,1.663622874182993,0.9317644238471985
Ridge,1.3485904932022095,1.7377271819303455,0.9255500435829163
CNN 1D,1.8332445621490479,2.3360403797369855,0.865456759929657
Baseline persistante,3.011847972869873,3.8512325493733854,0.6343204975128174
