{
    "loss": [
        0.11326134949922562,
        0.06360729038715363,
        0.055403515696525574,
        0.050429075956344604,
        0.04785339906811714,
        0.04551970958709717,
        0.043880511075258255,
        0.04315267503261566,
        0.042402952909469604,
        0.0405423529446125,
        0.03978152573108673,
        0.03830241411924362,
        0.03778892382979393,
        0.03667148947715759
    ],
    "mae": [
        0.254388689994812,
        0.1975339949131012,
        0.18402788043022156,
        0.1747613251209259,
        0.17031745612621307,
        0.16597744822502136,
        0.16286323964595795,
        0.16156291961669922,
        0.1597317010164261,
        0.15663406252861023,
        0.15475334227085114,
        0.15182387828826904,
        0.1511840522289276,
        0.1492934226989746
    ],
    "rmse": [
        0.3365432322025299,
        0.25220486521720886,
        0.23537951707839966,
        0.22456419467926025,
        0.21875420212745667,
        0.2133534848690033,
        0.2094767540693283,
        0.2077322155237198,
        0.2059197723865509,
        0.2013513147830963,
        0.19945307075977325,
        0.19571001827716827,
        0.19439373910427094,
        0.1914980113506317
    ],
    "val_loss": [
        0.069906085729599,
        0.06014745309948921,
        0.05684886500239372,
        0.060137223452329636,
        0.052600521594285965,
        0.05050729587674141,
        0.05225865915417671,
        0.05040830373764038,
        0.0512416735291481,
        0.05344323068857193,
        0.05126972869038582,
        0.05128345265984535,
        0.050982311367988586,
        0.05055250972509384
    ],
    "val_mae": [
        0.20987361669540405,
        0.19372764229774475,
        0.1889270395040512,
        0.19463495910167694,
        0.1807110756635666,
        0.17659428715705872,
        0.17926564812660217,
        0.1758178323507309,
        0.1770266592502594,
        0.18153733015060425,
        0.1781790852546692,
        0.17795449495315552,
        0.1782790571451187,
        0.17767010629177094
    ],
    "val_rmse": [
        0.26439759135246277,
        0.24524977803230286,
        0.238429993391037,
        0.24522891640663147,
        0.22934803366661072,
        0.22473828494548798,
        0.22860153019428253,
        0.22451794147491455,
        0.22636623680591583,
        0.2311779260635376,
        0.22642819583415985,
        0.22645850479602814,
        0.22579263150691986,
        0.22483885288238525
    ]
}