{
    "loss": [
        0.10524468868970871,
        0.04690498858690262,
        0.04331934079527855,
        0.04113481938838959,
        0.03955509513616562,
        0.03838491067290306,
        0.037490587681531906,
        0.03670878708362579,
        0.03600076586008072,
        0.035361822694540024,
        0.034748625010252,
        0.03420640900731087,
        0.033697664737701416,
        0.033173635601997375,
        0.03269152715802193,
        0.03223351389169693,
        0.0317964106798172,
        0.031361036002635956,
        0.030928468331694603
    ],
    "mae": [
        0.23009242117404938,
        0.16575485467910767,
        0.15915349125862122,
        0.15512792766094208,
        0.1521512269973755,
        0.15004366636276245,
        0.14843100309371948,
        0.1469995081424713,
        0.14562012255191803,
        0.1444411426782608,
        0.14323465526103973,
        0.14216066896915436,
        0.14116108417510986,
        0.14013922214508057,
        0.1392088532447815,
        0.13829992711544037,
        0.13744443655014038,
        0.13653774559497833,
        0.13566485047340393
    ],
    "rmse": [
        0.32441437244415283,
        0.21657559275627136,
        0.20813298225402832,
        0.20281720161437988,
        0.19888462126255035,
        0.1959206759929657,
        0.19362486898899078,
        0.19159537553787231,
        0.1897386759519577,
        0.188047394156456,
        0.1864098310470581,
        0.18494974076747894,
        0.18356923758983612,
        0.18213631212711334,
        0.18080797791481018,
        0.17953693866729736,
        0.17831547558307648,
        0.17709048092365265,
        0.17586492002010345
    ],
    "val_loss": [
        0.051734454929828644,
        0.048039570450782776,
        0.04611378163099289,
        0.04488583654165268,
        0.044065363705158234,
        0.043637219816446304,
        0.04331313446164131,
        0.043046653270721436,
        0.04285649582743645,
        0.042740289121866226,
        0.04267578944563866,
        0.04251720756292343,
        0.04250225052237511,
        0.04252892732620239,
        0.04263472929596901,
        0.042714688926935196,
        0.042804423719644547,
        0.04289702698588371,
        0.04320015758275986
    ],
    "val_mae": [
        0.1792202740907669,
        0.1723421961069107,
        0.1686517894268036,
        0.16633999347686768,
        0.16480621695518494,
        0.1639893352985382,
        0.16338218748569489,
        0.16291113197803497,
        0.16243137419223785,
        0.1619686484336853,
        0.16175341606140137,
        0.16132202744483948,
        0.1610816866159439,
        0.16118592023849487,
        0.16131320595741272,
        0.1615329384803772,
        0.16175074875354767,
        0.16192282736301422,
        0.16250473260879517
    ],
    "val_rmse": [
        0.2274520993232727,
        0.21917931735515594,
        0.21474120020866394,
        0.21186277270317078,
        0.20991751551628113,
        0.2088952362537384,
        0.20811808109283447,
        0.20747686922550201,
        0.20701810717582703,
        0.20673725008964539,
        0.20658119022846222,
        0.20619700849056244,
        0.2061607390642166,
        0.2062254250049591,
        0.20648178458213806,
        0.20667532086372375,
        0.20689229667186737,
        0.20711597800254822,
        0.2078464776277542
    ]
}