{
    "loss": [
        0.1397300511598587,
        0.07628459483385086,
        0.0685456395149231,
        0.06353217363357544,
        0.05964460223913193,
        0.05648653954267502,
        0.053866367787122726
    ],
    "mae": [
        0.28858184814453125,
        0.21735472977161407,
        0.2051936239004135,
        0.19755762815475464,
        0.1914517879486084,
        0.18648581206798553,
        0.18221373856067657
    ],
    "rmse": [
        0.37380483746528625,
        0.2761966586112976,
        0.2618122100830078,
        0.2520558834075928,
        0.24422244727611542,
        0.237668976187706,
        0.2320912927389145
    ],
    "val_loss": [
        0.09197790175676346,
        0.09222971647977829,
        0.0965176597237587,
        0.09832190722227097,
        0.10176320374011993,
        0.10099519044160843,
        0.10013208538293839
    ],
    "val_mae": [
        0.23687441647052765,
        0.2393730729818344,
        0.2456352710723877,
        0.2486228048801422,
        0.2542465925216675,
        0.2534722685813904,
        0.25228166580200195
    ],
    "val_rmse": [
        0.3032785952091217,
        0.3036934435367584,
        0.31067290902137756,
        0.3135632574558258,
        0.31900346279144287,
        0.31779739260673523,
        0.3164365291595459
    ]
}